{
  "date_time": {
    "precision": 1.0,
    "recall": 1.0,
    "f1-score": 1.0,
    "support": 184,
    "confused_with": {}
  },
  "city": {
    "precision": 1.0,
    "recall": 1.0,
    "f1-score": 1.0,
    "support": 212,
    "confused_with": {}
  },
  "weather_condition": {
    "precision": 1.0,
    "recall": 0.8823529411764706,
    "f1-score": 0.9375,
    "support": 17,
    "confused_with": {}
  },
  "micro avg": {
    "precision": 1.0,
    "recall": 0.9951573849878934,
    "f1-score": 0.9975728155339806,
    "support": 413
  },
  "macro avg": {
    "precision": 1.0,
    "recall": 0.9607843137254902,
    "f1-score": 0.9791666666666666,
    "support": 413
  },
  "weighted avg": {
    "precision": 1.0,
    "recall": 0.9951573849878934,
    "f1-score": 0.9974273607748184,
    "support": 413
  },
  "accuracy": 0.9987071751777634
}